iteration,timestamp,state_id,parent_id,operation,params,cost,score,file_ideality_score,entropy_global,lz77_ratio
1,2025-11-06T01:31:32.892550,4f7fa71c0c69bf3b...,0c15e883dee85bb2...,xor_constant,{'constant': 122},0.8400000000000001,-0.8400000000000001,0.0,0.0,0.0
2,2025-11-06T01:31:32.903544,cd2057659df244d5...,4f7fa71c0c69bf3b...,rotate_left,{'shift': 6},1.2600000000000002,-0.42000000000000015,0.0,0.0,0.0
3,2025-11-06T01:31:32.911540,45bdada25cc32b6c...,cd2057659df244d5...,rotate_left,{'shift': 6},1.3860000000000001,-0.1259999999999999,0.0,0.0,0.0
4,2025-11-06T01:31:32.918537,c014e5779f15c5fa...,45bdada25cc32b6c...,not_bytes,{},0.8400000000000001,0.546,0.0,0.0,0.0
5,2025-11-06T01:31:32.926533,0abda2a3f2e3a650...,c014e5779f15c5fa...,swap_nibbles,{},1.6800000000000002,-0.8400000000000001,0.0,0.0,0.0
6,2025-11-06T01:31:32.936526,c38a30641d07fcb4...,0abda2a3f2e3a650...,rotate_right,{'shift': 6},1.2600000000000002,0.41999999999999993,0.0,0.0,0.0
7,2025-11-06T01:31:32.947522,6f0e455cdc3abacd...,c38a30641d07fcb4...,not_bytes,{},0.8800000000000001,0.3800000000000001,0.0,0.0,0.0
8,2025-11-06T01:31:32.953520,c38a30641d07fcb4...,6f0e455cdc3abacd...,not_bytes,{},0.96,-0.07999999999999985,0.0,0.0,0.0
9,2025-11-06T01:31:32.960517,ee21ca7d1b24ebb4...,c38a30641d07fcb4...,swap_nibbles,{},1.8480000000000005,-0.8880000000000006,0.0,0.0,0.0
10,2025-11-06T01:31:32.970512,c38a30641d07fcb4...,ee21ca7d1b24ebb4...,swap_nibbles,{},2.016,-0.16799999999999948,0.0,0.0,0.0
11,2025-11-06T01:31:32.979506,0abda2a3f2e3a650...,c38a30641d07fcb4...,rotate_left,{'shift': 6},1.512,0.504,0.0,0.0,0.0
12,2025-11-06T01:31:32.986505,c014e5779f15c5fa...,0abda2a3f2e3a650...,swap_nibbles,{},2.1840000000000006,-0.6720000000000006,0.0,0.0,0.0
13,2025-11-06T01:31:32.993501,0abda2a3f2e3a650...,c014e5779f15c5fa...,swap_nibbles,{},2.352,-0.16799999999999926,0.0,0.0,0.0
14,2025-11-06T01:31:33.003495,3fd480e07975a073...,0abda2a3f2e3a650...,xor_constant,{'constant': 112},0.9240000000000003,1.4279999999999995,0.0,0.0,0.0
15,2025-11-06T01:31:33.014490,57a33d920e9ae5fe...,3fd480e07975a073...,rotate_left,{'shift': 7},1.5600000000000003,-0.636,0.0,0.0,0.0
16,2025-11-06T01:31:33.024486,7ab4f9f449f5ed31...,57a33d920e9ae5fe...,rotate_right,{'shift': 1},1.3200000000000003,0.24,0.0,0.0,0.0
17,2025-11-06T01:31:33.034480,bce0f7e0a84ed02c...,7ab4f9f449f5ed31...,xor_constant,{'constant': 12},0.96,0.3600000000000003,0.0,0.0,0.0
18,2025-11-06T01:31:33.043476,6fc5def4083c968d...,bce0f7e0a84ed02c...,rotate_right,{'shift': 2},1.44,-0.48,0.0,0.0,0.0
19,2025-11-06T01:31:33.054477,4004235240940a60...,6fc5def4083c968d...,rotate_right,{'shift': 5},1.5600000000000003,-0.12000000000000033,0.0,0.0,0.0
20,2025-11-06T01:31:33.064477,ef396725edb600e0...,4004235240940a60...,swap_nibbles,{},3.1500000000000004,-1.59,0.0,0.0,0.0
21,2025-11-06T01:31:33.073462,c4aef3f760898c75...,ef396725edb600e0...,rotate_right,{'shift': 6},1.6799999999999997,1.4700000000000006,0.0,0.0,0.0
22,2025-11-06T01:31:33.083457,c69293ea618e2962...,c4aef3f760898c75...,rotate_right,{'shift': 5},2.25,-0.5700000000000003,0.0,0.0,0.0
23,2025-11-06T01:31:33.093452,10e991295b478369...,c69293ea618e2962...,xor_constant,{'constant': 123},1.04,1.21,0.0,0.0,0.0
24,2025-11-06T01:31:33.103447,1715df6ea7cd8f71...,10e991295b478369...,xor_constant,{'constant': 167},1.1199999999999999,-0.07999999999999985,0.0,0.0,0.0
25,2025-11-06T01:31:33.113443,f134d7fb0a41d983...,1715df6ea7cd8f71...,rotate_left,{'shift': 3},1.7639999999999998,-0.6439999999999999,0.0,0.0,0.0
26,2025-11-06T01:31:33.121439,1639a7a109079807...,f134d7fb0a41d983...,xor_constant,{'constant': 42},1.5,0.2639999999999998,0.0,0.0,0.0
27,2025-11-06T01:31:33.131434,0916f01114de42a3...,1639a7a109079807...,rotate_left,{'shift': 4},2.3625000000000003,-0.8625000000000003,0.0,0.0,0.0
28,2025-11-06T01:31:33.140429,1639a7a109079807...,0916f01114de42a3...,swap_nibbles,{},3.3600000000000003,-0.9975,0.0,0.0,0.0
29,2025-11-06T01:31:33.147426,a7d6664813f14b80...,1639a7a109079807...,rotate_right,{'shift': 1},2.4000000000000004,0.96,0.0,0.0,0.0
30,2025-11-06T01:31:33.154422,4213454e6ae583f7...,a7d6664813f14b80...,xor_constant,{'constant': 116},1.6,0.8000000000000003,0.0,0.0,0.0
31,2025-11-06T01:31:33.161419,d95a08fac844cdcd...,4213454e6ae583f7...,not_bytes,{},1.0920000000000003,0.5079999999999998,0.0,0.0,0.0
32,2025-11-06T01:31:33.167416,d3f2f4e0c671c969...,d95a08fac844cdcd...,rotate_right,{'shift': 1},2.5500000000000003,-1.458,0.0,0.0,0.0
33,2025-11-06T01:31:33.174414,d95a08fac844cdcd...,d3f2f4e0c671c969...,rotate_left,{'shift': 1},2.5200000000000005,0.029999999999999805,0.0,0.0,0.0
34,2025-11-06T01:31:33.181410,549a0382f941af16...,d95a08fac844cdcd...,rotate_right,{'shift': 5},2.7,-0.17999999999999972,0.0,0.0,0.0
35,2025-11-06T01:31:33.188406,10e991295b478369...,549a0382f941af16...,rotate_right,{'shift': 5},2.8499999999999996,-0.14999999999999947,0.0,0.0,0.0
36,2025-11-06T01:31:33.197403,f990eb4e073fe06d...,10e991295b478369...,rotate_left,{'shift': 6},2.5500000000000003,0.2999999999999994,0.0,0.0,0.0
37,2025-11-06T01:31:33.208397,0331c40ed68fb8aa...,f990eb4e073fe06d...,not_bytes,{},1.1199999999999999,1.4300000000000004,0.0,0.0,0.0
38,2025-11-06T01:31:33.218392,f990eb4e073fe06d...,0331c40ed68fb8aa...,not_bytes,{},1.5,-0.3800000000000001,0.0,0.0,0.0
39,2025-11-06T01:31:33.229389,549a0382f941af16...,f990eb4e073fe06d...,rotate_right,{'shift': 1},3.0,-1.5,0.0,0.0,0.0
40,2025-11-06T01:31:33.236385,d3f2f4e0c671c969...,549a0382f941af16...,swap_nibbles,{},3.5700000000000007,-0.5700000000000007,0.0,0.0,0.0
41,2025-11-06T01:31:33.242382,1c50bdb4be27ff4c...,d3f2f4e0c671c969...,xor_constant,{'constant': 76},1.7850000000000004,1.7850000000000004,0.0,0.0,0.0
42,2025-11-06T01:31:33.249379,f99ea22e61d1814d...,1c50bdb4be27ff4c...,not_bytes,{},1.6,0.18500000000000028,0.0,0.0,0.0
43,2025-11-06T01:31:33.256376,dadcf4cf4c10fa1a...,f99ea22e61d1814d...,swap_nibbles,{},3.7800000000000002,-2.18,0.0,0.0,0.0
44,2025-11-06T01:31:33.264372,1038c756e152bb98...,dadcf4cf4c10fa1a...,rotate_right,{'shift': 5},3.3075000000000006,0.4724999999999997,0.0,0.0,0.0
45,2025-11-06T01:31:33.274365,58259f94838c0ffd...,1038c756e152bb98...,not_bytes,{},1.7000000000000002,1.6075000000000004,0.0,0.0,0.0
46,2025-11-06T01:31:33.284362,a4da5a43182f72ce...,58259f94838c0ffd...,xor_constant,{'constant': 222},1.8,-0.09999999999999987,0.0,0.0,0.0
47,2025-11-06T01:31:33.294358,67d7e7e725d854f5...,a4da5a43182f72ce...,rotate_left,{'shift': 6},2.8350000000000004,-1.0350000000000004,0.0,0.0,0.0
48,2025-11-06T01:31:33.301353,fb130956be0ed0d4...,67d7e7e725d854f5...,rotate_right,{'shift': 5},3.3000000000000003,-0.46499999999999986,0.0,0.0,0.0
49,2025-11-06T01:31:33.308349,8b1b949fffaf7bb8...,fb130956be0ed0d4...,rotate_right,{'shift': 7},3.4499999999999997,-0.14999999999999947,0.0,0.0,0.0
50,2025-11-06T01:31:33.318344,26b7a5574f653828...,8b1b949fffaf7bb8...,rotate_right,{'shift': 6},3.6000000000000005,-0.1500000000000008,0.0,0.0,0.0
